persona,feature,difficulty,query,ground_truth
Beginner Student,Concept Explanation,Beginner,What is a variable in Python?,A variable in Python is a named location in memory that stores a value. It acts as a reference to that value and allows you to manipulate it within your code.
Beginner Student,Concept Explanation,Beginner,What is a list in Python?,"A list in Python is a mutable, ordered collection of items that can be of different data types. Lists are defined using square brackets, with elements separated by commas, for example: my_list = [1, 2, 3, 'hello']."
Beginner Student,Concept Explanation,Beginner,What does 'if __name__ == '__main__':' do in Python?,The statement 'if __name__ == '__main__':' checks if the Python script is being run directly (as the main program) or being imported as a module. Code inside this block will only execute if the script is run directly.
Beginner Student,Concept Explanation,Intermediate,"What is a list in Python, and how is it different from a tuple?","A list in Python is a mutable collection of items that can be modified after creation, while a tuple is an immutable collection that cannot be changed. Lists are defined with square brackets, e.g., [1, 2, 3], and tuples with parentheses, e.g., (1, 2, 3)."
Beginner Student,Concept Explanation,Intermediate,Explain the difference between '==' and 'is' operators in Python.,"'==' checks for value equality, meaning it tests whether the values of two objects are the same, while 'is' checks for identity, meaning it tests whether two references point to the same object in memory."
Beginner Student,Concept Explanation,Intermediate,"What is a dictionary in Python, and how do you access its elements?","A dictionary in Python is an unordered collection of key-value pairs. Elements can be accessed using their keys within square brackets, e.g., my_dict['key'], or using the get() method, e.g., my_dict.get('key')."
Beginner Student,Concept Explanation,Advanced,What is the difference between a shallow copy and a deep copy in Python?,"A shallow copy creates a new object but inserts references into it to the objects found in the original. Changes to mutable objects in a shallow copy will affect the original. A deep copy creates a new object and recursively adds copies of nested objects found in the original, so changes to mutable objects in a deep copy do not affect the original."
Beginner Student,Concept Explanation,Advanced,What are Python decorators and how do they work?,"Python decorators are functions that modify the behavior of another function. They are often used to add functionality such as logging, authorization, or timing. A decorator takes a function as an argument, wraps it in another function, and returns the wrapper function."
Beginner Student,Concept Explanation,Advanced,Explain the concept of generators in Python.,"Generators are a type of iterable that allows you to iterate through a sequence of values without storing the entire sequence in memory. They are created using functions with the 'yield' keyword. When called, a generator function returns a generator object that can be iterated over to produce values on-the-fly, which makes them memory efficient."
Beginner Student,Code Example,Beginner,What is a variable in Python?,"A variable in Python is a named location in memory that is used to store data. Variables can hold different types of data such as integers, strings, and lists, and their values can be changed during the execution of a program."
Beginner Student,Code Example,Beginner,How do you create a function in Python?,You create a function in Python using the 'def' keyword followed by the function name and parentheses. The syntax is: 'def function_name(parameters):'. You then write the function body indented below this line.
Beginner Student,Code Example,Beginner,What is a list in Python?,"A list in Python is a built-in data type that allows you to store an ordered collection of items. Lists are mutable, meaning you can change their contents, and they can hold items of different types, such as integers, strings, and even other lists."
Beginner Student,Code Example,Intermediate,How do you reverse a list in Python?,"You can reverse a list in Python using the reverse() method or by slicing. For example, if you have a list 'my_list', you can reverse it by using 'my_list.reverse()' or 'reversed_list = my_list[::-1]'."
Beginner Student,Code Example,Intermediate,What is the difference between '==' and 'is' in Python?,"'==' checks for value equality, meaning it evaluates whether two objects have the same value. 'is' checks for identity equality, meaning it evaluates whether two references point to the same object in memory."
Beginner Student,Code Example,Intermediate,How can you handle exceptions in Python?,You can handle exceptions in Python using a try-except block. For example: 'try: # code that may raise an exception except ExceptionType: # code to handle the exception'. You can also use 'finally' to execute code regardless of whether an exception occurred.
Beginner Student,Code Example,Advanced,What is the difference between deep copy and shallow copy in Python?,"A shallow copy creates a new object but inserts references into it to the objects found in the original. A deep copy creates a new object and recursively adds copies of nested objects found in the original, resulting in a completely independent object."
Beginner Student,Code Example,Advanced,"How does Python's garbage collection work, and what is the role of reference counting?","Python's garbage collection primarily uses reference counting to keep track of the number of references to each object. When an object's reference count drops to zero, it is immediately deallocated. Python also employs a cyclic garbage collector to detect and clean up reference cycles that reference counting alone cannot handle."
Beginner Student,Code Example,Advanced,"What are Python decorators, and how do you create one?","Python decorators are functions that modify the behavior of another function or method. You create a decorator by defining a function that takes another function as an argument, adds some functionality, and then returns a new function. It is applied using the '@decorator_name' syntax above the function definition."
Working Developer,Concept Explanation,Beginner,What is a variable in Python?,"A variable in Python is a reserved memory location to store values. It is created by assigning a value to a name using the '=' operator. Variables can hold different data types, such as integers, floats, strings, and lists."
Working Developer,Concept Explanation,Beginner,What is a list in Python?,"A list in Python is a built-in data structure that allows you to store an ordered collection of items. Lists are mutable, meaning you can modify them after their creation. They can contain elements of different data types and are defined using square brackets, e.g., my_list = [1, 2, 3, 'a']."
Working Developer,Concept Explanation,Beginner,What is a function in Python?,"A function in Python is a block of reusable code that performs a specific task. Functions are defined using the 'def' keyword, followed by the function name and parentheses. They can accept parameters and return values using the 'return' statement."
Working Developer,Concept Explanation,Intermediate,What is a Python list comprehension and how is it used?,"A Python list comprehension is a concise way to create lists using a single line of code. It consists of brackets containing an expression followed by a for clause, and can also include optional if clauses. For example, [x**2 for x in range(10)] generates a list of squares of numbers from 0 to 9."
Working Developer,Concept Explanation,Intermediate,How do you handle exceptions in Python?,"In Python, exceptions are handled using the try-except block. Code that may raise an exception is placed in the 'try' block, and the 'except' block contains code that is executed if an exception is raised. For example: try: x = 1 / 0 except ZeroDivisionError: print('Division by zero!')"
Working Developer,Concept Explanation,Intermediate,What is the difference between deep copy and shallow copy in Python?,"A shallow copy creates a new object but inserts references into it to the objects found in the original. This means changes to nested objects affect both the original and the copy. A deep copy creates a new object and recursively adds copies of nested objects found in the original, ensuring that changes to the deep copy do not affect the original."
Working Developer,Concept Explanation,Advanced,What is the purpose of the 'self' keyword in Python class methods?,"'self' refers to the instance of the class itself. It is used to access variables and methods associated with the instance, allowing for instance-specific data manipulation and behavior."
Working Developer,Concept Explanation,Advanced,"How do decorators work in Python, and what are their common use cases?","Decorators in Python are functions that modify the functionality of another function or method. They are commonly used for logging, enforcing access controls, instrumentation, and modifying input/output behavior without changing the wrapped function's code."
Working Developer,Concept Explanation,Advanced,Explain the difference between deep copy and shallow copy in Python.,"A shallow copy creates a new object but inserts references into it to the objects found in the original. A deep copy creates a new object and recursively copies all objects found in the original, ensuring that the new object is entirely independent of the original."
Working Developer,Code Example,Beginner,How do you create a list in Python?,"You can create a list in Python by using square brackets. For example: my_list = [1, 2, 3, 4] creates a list with four integer elements."
Working Developer,Code Example,Beginner,What is the purpose of the 'def' keyword in Python?,"'def' is used to define a function in Python. It is followed by the function name and parentheses containing any parameters, for example: def my_function(param):."
Working Developer,Code Example,Beginner,How do you read user input in Python?,You can read user input in Python using the input() function. For example: user_input = input('Enter something: ') will prompt the user to enter a value.
Working Developer,Code Example,Intermediate,What is the difference between a list and a tuple in Python?,"A list is mutable, meaning its elements can be changed, while a tuple is immutable, meaning it cannot be modified after creation. Lists are defined using square brackets [], whereas tuples are defined using parentheses ()."
Working Developer,Code Example,Intermediate,How do you handle exceptions in Python?,"Exceptions in Python are handled using the try-except block. Code that might raise an exception is placed in the try block, and the handling code is placed in the except block, allowing the program to continue running or to handle the error gracefully."
Working Developer,Code Example,Intermediate,What is a lambda function in Python?,A lambda function is an anonymous function expressed as a single statement. It can take any number of arguments but has only one expression. Lambda functions are often used for short operations that are not complex enough to warrant a full function definition.
Working Developer,Code Example,Advanced,How can you implement a singleton design pattern in Python?,"You can implement a singleton pattern in Python by overriding the __new__ method in a class. This ensures that only one instance of the class is created. For example:

class Singleton:
    _instance = None

    def __new__(cls, *args, **kwargs):
        if not cls._instance:
            cls._instance = super(Singleton, cls).__new__(cls)
        return cls._instance"
Working Developer,Code Example,Advanced,What is the purpose of the 'with' statement in Python?,"The 'with' statement in Python is used for resource management and exception handling. It simplifies the management of resources like file streams by automatically acquiring and releasing resources. For example, using 'with open('file.txt', 'r') as file:' ensures that the file is properly closed after the block executes, even if an error occurs."
Working Developer,Code Example,Advanced,How can you define a custom context manager in Python?,"You can define a custom context manager in Python by implementing the __enter__ and __exit__ methods in a class. This allows you to define specific actions to take when entering and exiting a context. For example:

class MyContext:
    def __enter__(self):
        print('Entering the context')
        return self

    def __exit__(self, exc_type, exc_value, traceback):
        print('Exiting the context')

With this class, you can use 'with MyContext() as cm:' to utilize the context manager."
